ExecutionTime,Method,
46,setDefaultPort
132,__initDefaults
1,setServerTimeZoneId
177,configure
172,_connectAction_
121,getControlEncoding
690,readLine
370,isStrictMultilineParsing
370,__lenientCheck
320,getReplyString
562,getCommandSupport
1124,getListenerCount
320,fireReplyReceived
640,__getReply
83,isPositivePreliminary
44,_connect
87,connect
242,getCommand
242,__buildMessage
242,__send
242,fireCommandSent
547,sendCommand
43,user
194,isPositiveCompletion
43,isPositiveIntermediate
43,pass
43,login
13,cwd
13,changeWorkingDirectory
43,enterLocalPassiveMode
43,setUp
25,getServerSystemKey
38,compileRegex
209,indexOf
252,getEntry
126,setDefaultDateFormat
126,setRecentDateFormat
84,getDefaultConfiguration
109,getDefaultDateFormatStr
9,setDefaultDateFormatStr
113,getRecentDateFormatStr
11,setRecentDateFormatStr
88,getServerLanguageCode
88,getShortMonthNames
90,lookupDateFormatSymbols
88,getServerTimeZoneId
86,setServerTimeZone
86,isLenientFutureDates
70,createFileEntryParser
39,__createParser
40,getListHiddenFiles
40,getListArguments
75,getRemoteAddress
40,isUseEPSVwithIPv4
40,pasv
40,_parsePassiveModeReply
35,verifyRemote
80,_openDataConnection_
9,getUnparseableEntries
30,toCharset
2251,readNextEntry
30,readStream
30,preParse
30,resetIterator
30,readServerList
157,closeQuietly
35,getReply
35,completePendingCommand
74,initiateListParsing
1745,setRawListing
1747,matches
27965,group
3126,getServerTimeZone
1640,setPrecision
4925,parseTimestamp
1640,setTimestamp
1641,setType
14760,setPermission
1484,setHardLinkCount
1640,setUser
1640,setGroup
1641,setSize
1641,setName
1799,parseFTPEntry
1516,accept
36,getFiles
20,listFiles
903,getName
21056,getTimestamp
1,getSortedList
1,testTimeZoneFunctionality
129,disconnect
43,tearDown
1,testFTPClientConfigStringStringStringStringStringString
5,splitShortMonthString
5,getDateFormatSymbols
1,testLookupDateFormatSymbols
1,testGetDateFormatSymbols
1,testGetServerLanguageCode
1,testFTPClientConfigString
1,testSetShortMonthNames
11,__parsePathname
1,testParseClient
10,getEntryParser
1,testParserCachingWithKey
2,setSystemType
19,getSystemType
19,getOverrideProperties
1,testParserCachingNullKey
2,setUnparseableEntries
1,testUnparseableFiles
1,checkArray
1,testArray
1,suite
18,syst
9,getNext
886,getRawListing
886,toString
21,findByName
3,testInitiateListParsing
42,quit
42,logout
42,isConnected
6,hasNext
3,testInitiateListParsingWithPathAndAutodetectionButEmpty
3,testInitiateListParsingWithPathAndIncorrectParser
12,listNames
3,testListNames
3,testListFiles
3,pwd
3,printWorkingDirectory
3,testPrintWorkingDirectory
3,testListFilesWithAutodection
3,testListNamesWithPathButEmpty
3,testListFilesWithIncorrectParser
3,testInitiateListParsingWithPath
3,testListNamesWithPath
3,testInitiateListParsingWithPathAndAutodetection
3,testListFilesWithPathAndAutodectionButEmpty
3,testListFilesWithPathAndAutodetection
156,isVersioning
2,createNTFTPEntryParser
1,setConnectTimeout
1,testConnectTimeout
